<snsRules>
	<snsDescr>
		<snsSystem>
			<snsCode>00</snsCode>
			<snsTitle>00 Aircraft General</snsTitle>
			<snsSubSystem>
				<snsCode>0</snsCode>
				<snsTitle>General</snsTitle>
				<snsSubSubSystem>
					<snsCode>0</snsCode>
					<snsTitle>General</snsTitle>
				</snsSubSubSystem>
			</snsSubSystem>
			<snsSubSystem>
				<snsCode>1</snsCode>
				<snsTitle>Product, General Maintenance</snsTitle>
				<snsSubSubSystem>
					<snsCode>0</snsCode>
					<snsTitle>Product, General Maintenance</snsTitle>
				</snsSubSubSystem>
			</snsSubSystem>
			<snsSubSystem>
				<snsCode>2</snsCode>
				<snsTitle>Product, Safety</snsTitle>
				<snsSubSubSystem>
					<snsCode>0</snsCode>
					<snsTitle>Product, Safety</snsTitle>
				</snsSubSubSystem>
			</snsSubSystem>
			<snsSubSystem>
				<snsCode>3</snsCode>
				<snsTitle>Safety and Protective Devices</snsTitle>
				<snsSubSubSystem>
					<snsCode>0</snsCode>
					<snsTitle>Safety and Protective Devices</snsTitle>
				</snsSubSubSystem>
			</snsSubSystem>
			<snsSubSystem>
				<snsCode>4</snsCode>
				<snsTitle>Technical Publication</snsTitle>
				<snsSubSubSystem>
					<snsCode>0</snsCode>
					<snsTitle>Technical Publication</snsTitle>
				</snsSubSubSystem>
			</snsSubSystem>
			<snsSubSystem>
				<snsCode>5</snsCode>
				<snsTitle>Material Data</snsTitle>
				<snsSubSubSystem>
					<snsCode>0</snsCode>
					<snsTitle>Material Data</snsTitle>
				</snsSubSubSystem>
			</snsSubSystem>
			<snsSubSystem>
				<snsCode>6</snsCode>
				<snsTitle>Performance</snsTitle>
				<snsSubSubSystem>
					<snsCode>0</snsCode>
					<snsTitle>Performance</snsTitle>
				</snsSubSubSystem>
			</snsSubSystem>
			<snsSubSystem>
				<snsCode>7</snsCode>
				<snsTitle>Handling Qualities</snsTitle>
				<snsSubSubSystem>
					<snsCode>0</snsCode>
					<snsTitle>Handling Qualities"</snsTitle>
				</snsSubSubSystem>
			</snsSubSystem>
			<snsSubSystem>
				<snsCode>9</snsCode>
				<snsTitle>Non System Related</snsTitle>
				<snsSubSubSystem>
					<snsCode>0</snsCode>
					<snsTitle>Non System Related"</snsTitle>
				</snsSubSubSystem>
			</snsSubSystem>
		</snsSystem>
		<snsSystem>
			<snsCode>01</snsCode>
			<snsTitle>01 Laboratory/Ground Test</snsTitle>
			<snsSubSystem>
				<snsCode>0</snsCode>
				<snsTitle>General</snsTitle>
				<snsSubSubSystem>
					<snsCode>0</snsCode>
					<snsTitle>General</snsTitle>
				</snsSubSubSystem>
			</snsSubSystem>
			<snsSubSystem>
				<snsCode>1</snsCode>
				<snsTitle>Propulsion Test</snsTitle>
				<snsSubSubSystem>
					<snsCode>0</snsCode>
					<snsTitle>Propulsion Test</snsTitle>
				</snsSubSubSystem>
			</snsSubSystem>
			<snsSubSystem>
				<snsCode>2</snsCode>
				<snsTitle>Structures and Interior Test</snsTitle>
				<snsSubSubSystem>
					<snsCode>0</snsCode>
					<snsTitle>Structures and Interior Test</snsTitle>
				</snsSubSubSystem>
			</snsSubSystem>
			<snsSubSystem>
				<snsCode>3</snsCode>
				<snsTitle>Energy Test</snsTitle>
				<snsSubSubSystem>
					<snsCode>0</snsCode>
					<snsTitle>Energy Test</snsTitle>
				</snsSubSubSystem>
			</snsSubSystem>
			<snsSubSystem>
				<snsCode>4</snsCode>
				<snsTitle>Equipment Test</snsTitle>
				<snsSubSubSystem>
					<snsCode>0</snsCode>
					<snsTitle>Equipment Test</snsTitle>
				</snsSubSubSystem>
			</snsSubSystem>
			<snsSubSystem>
				<snsCode>5</snsCode>
				<snsTitle>Wind Tunnel Test</snsTitle>
				<snsSubSubSystem>
					<snsCode>0</snsCode>
					<snsTitle>Wind Tunnel Test</snsTitle>
				</snsSubSubSystem>
			</snsSubSystem>
			<snsSubSystem>
				<snsCode>6</snsCode>
				<snsTitle>Integration Test</snsTitle>
				<snsSubSubSystem>
					<snsCode>0</snsCode>
					<snsTitle>Integration Test</snsTitle>
				</snsSubSubSystem>
			</snsSubSystem>
		</snsSystem>
		<snsSystem>
			<snsCode>02</snsCode>
			<snsTitle>02 Operations</snsTitle>
		</snsSystem>
		<snsSystem>
			<snsCode>03</snsCode>
			<snsTitle>03 Maintenance Policy</snsTitle>
		</snsSystem>
		<snsSystem>
			<snsCode>04</snsCode>
			<snsTitle>04 Airworthiness Limitations</snsTitle>
			<snsSubSystem>
				<snsCode>0</snsCode>
				<snsTitle>General</snsTitle>
				<snsSubSubSystem>
					<snsCode>0</snsCode>
					<snsTitle>General</snsTitle>
				</snsSubSubSystem>
			</snsSubSystem>
		</snsSystem>
		<snsSystem>
			<snsCode>05</snsCode>
			<snsTitle>05 Time Limits/Maintenance Checks</snsTitle>
			<snsSubSystem>
				<snsCode>0</snsCode>
				<snsTitle>General</snsTitle>
				<snsSubSubSystem>
					<snsCode>0</snsCode>
					<snsTitle>General</snsTitle>
				</snsSubSubSystem>
			</snsSubSystem>
			<snsSubSystem>
				<snsCode>1</snsCode>
				<snsTitle>Time Limits</snsTitle>
				<snsSubSubSystem>
					<snsCode>0</snsCode>
					<snsTitle>Time Limits</snsTitle>
				</snsSubSubSystem>
			</snsSubSystem>
			<snsSubSystem>
				<snsCode>2</snsCode>
				<snsTitle>Scheduled Maintenance Checks Lists</snsTitle>
				<snsSubSubSystem>
					<snsCode>0</snsCode>
					<snsTitle>Scheduled Maintenance Checks Lists</snsTitle>
				</snsSubSubSystem>
			</snsSubSystem>
			<snsSubSystem>
				<snsCode>4</snsCode>
				<snsTitle>Scheduled Maintenance Checks</snsTitle>
				<snsSubSubSystem>
					<snsCode>0</snsCode>
					<snsTitle>Scheduled Maintenance Checks</snsTitle>
				</snsSubSubSystem>
			</snsSubSystem>
			<snsSubSystem>
				<snsCode>5</snsCode>
				<snsTitle>Unscheduled Maintenance Checks</snsTitle>
				<snsSubSubSystem>
					<snsCode>0</snsCode>
					<snsTitle>Unscheduled Maintenance Checks</snsTitle>
				</snsSubSubSystem>
			</snsSubSystem>
		</snsSystem>
		<snsSystem>
			<snsCode>06</snsCode>
			<snsTitle>06 Dimensions and Areas</snsTitle>
			<snsSubSystem>
				<snsCode>0</snsCode>
				<snsTitle>General</snsTitle>
				<snsSubSubSystem>
					<snsCode>0</snsCode>
					<snsTitle>General</snsTitle>
				</snsSubSubSystem>
			</snsSubSystem>
			<snsSubSystem>
				<snsCode>1</snsCode>
				<snsTitle>Principal Dimensions</snsTitle>
				<snsSubSubSystem>
					<snsCode>0</snsCode>
					<snsTitle>Principal Dimensions</snsTitle>
				</snsSubSubSystem>
			</snsSubSystem>
			<snsSubSystem>
				<snsCode>2</snsCode>
				<snsTitle>Reference Lines</snsTitle>
				<snsSubSubSystem>
					<snsCode>0</snsCode>
					<snsTitle>Reference Lines</snsTitle>
				</snsSubSubSystem>
			</snsSubSystem>
			<snsSubSystem>
				<snsCode>3</snsCode>
				<snsTitle>Zones and Areas</snsTitle>
				<snsSubSubSystem>
					<snsCode>0</snsCode>
					<snsTitle>Zones and Areas</snsTitle>
				</snsSubSubSystem>
			</snsSubSystem>
			<snsSubSystem>
				<snsCode>4</snsCode>
				<snsTitle>Access Provisions</snsTitle>
				<snsSubSubSystem>
					<snsCode>0</snsCode>
					<snsTitle>Access Provisions</snsTitle>
				</snsSubSubSystem>
			</snsSubSystem>
			<snsSubSystem>
				<snsCode>5</snsCode>
				<snsTitle>Master Shapes</snsTitle>
				<snsSubSubSystem>
					<snsCode>0</snsCode>
					<snsTitle>Master Shapes</snsTitle>
				</snsSubSubSystem>
			</snsSubSystem>
		</snsSystem>
		<snsSystem>
			<snsCode>07</snsCode>
			<snsTitle>07 Lifting, Shoring, Recovering and Transporting</snsTitle>
			<snsSubSystem>
				<snsCode>0</snsCode>
				<snsTitle>General</snsTitle>
				<snsSubSubSystem>
					<snsCode>0</snsCode>
					<snsTitle>General</snsTitle>
				</snsSubSubSystem>
			</snsSubSystem>
			<snsSubSystem>
				<snsCode>1</snsCode>
				<snsTitle>Jacking</snsTitle>
				<snsSubSubSystem>
					<snsCode>0</snsCode>
					<snsTitle>Jacking</snsTitle>
				</snsSubSubSystem>
			</snsSubSystem>
			<snsSubSystem>
				<snsCode>2</snsCode>
				<snsTitle>Shoring</snsTitle>
				<snsSubSubSystem>
					<snsCode>0</snsCode>
					<snsTitle>Shoring</snsTitle>
				</snsSubSubSystem>
			</snsSubSystem>
			<snsSubSystem>
				<snsCode>3</snsCode>
				<snsTitle>Slinging</snsTitle>
				<snsSubSubSystem>
					<snsCode>0</snsCode>
					<snsTitle>Slinging</snsTitle>
				</snsSubSubSystem>
			</snsSubSystem>
			<snsSubSystem>
				<snsCode>4</snsCode>
				<snsTitle>Recovering</snsTitle>
				<snsSubSubSystem>
					<snsCode>0</snsCode>
					<snsTitle>Recovering</snsTitle>
				</snsSubSubSystem>
			</snsSubSystem>
			<snsSubSystem>
				<snsCode>5</snsCode>
				<snsTitle>Transporting</snsTitle>
				<snsSubSubSystem>
					<snsCode>0</snsCode>
					<snsTitle>Transporting</snsTitle>
				</snsSubSubSystem>
			</snsSubSystem>
		</snsSystem>
		<snsSystem>
			<snsCode>08</snsCode>
			<snsTitle>08 Leveling and Weighing</snsTitle>
			<snsSubSystem>
				<snsCode>0</snsCode>
				<snsTitle>General</snsTitle>
				<snsSubSubSystem>
					<snsCode>0</snsCode>
					<snsTitle>General</snsTitle>
				</snsSubSubSystem>
			</snsSubSystem>
			<snsSubSystem>
				<snsCode>1</snsCode>
				<snsTitle>Mass and Balance</snsTitle>
				<snsSubSubSystem>
					<snsCode>0</snsCode>
					<snsTitle>Mass and Balance</snsTitle>
				</snsSubSubSystem>
			</snsSubSystem>
			<snsSubSystem>
				<snsCode>2</snsCode>
				<snsTitle>Leveling</snsTitle>
				<snsSubSubSystem>
					<snsCode>0</snsCode>
					<snsTitle>Leveling</snsTitle>
				</snsSubSubSystem>
			</snsSubSystem>
			<snsSubSystem>
				<snsCode>3</snsCode>
				<snsTitle>Weighing</snsTitle>
				<snsSubSubSystem>
					<snsCode>0</snsCode>
					<snsTitle>Weighing</snsTitle>
				</snsSubSubSystem>
			</snsSubSystem>
			<snsSubSystem>
				<snsCode>4</snsCode>
				<snsTitle>Mass and C.G. Data</snsTitle>
				<snsSubSubSystem>
					<snsCode>0</snsCode>
					<snsTitle>Mass and C.G. Data</snsTitle>
				</snsSubSubSystem>
			</snsSubSystem>
			<snsSubSystem>
				<snsCode>5</snsCode>
				<snsTitle>Static Stability</snsTitle>
				<snsSubSubSystem>
					<snsCode>0</snsCode>
					<snsTitle>Static Stability</snsTitle>
				</snsSubSubSystem>
			</snsSubSystem>
		</snsSystem>
		<snsSystem>
			<snsCode>09</snsCode>
			<snsTitle>09 Handling and Maneuvering</snsTitle>
			<snsSubSystem>
				<snsCode>0</snsCode>
				<snsTitle>General</snsTitle>
				<snsSubSubSystem>
					<snsCode>0</snsCode>
					<snsTitle>General</snsTitle>
				</snsSubSubSystem>
			</snsSubSystem>
			<snsSubSystem>
				<snsCode>1</snsCode>
				<snsTitle>Handling</snsTitle>
				<snsSubSubSystem>
					<snsCode>0</snsCode>
					<snsTitle>Handling</snsTitle>
				</snsSubSubSystem>
			</snsSubSystem>
			<snsSubSystem>
				<snsCode>2</snsCode>
				<snsTitle>Maneuvering</snsTitle>
				<snsSubSubSystem>
					<snsCode>0</snsCode>
					<snsTitle>Maneuvering</snsTitle>
				</snsSubSubSystem>
			</snsSubSystem>
		</snsSystem>
		<snsSystem>
			<snsCode>10</snsCode>
			<snsTitle>10 Parking, Mooring, Storage	and Return To Service</snsTitle>
			<snsSubSystem>
				<snsCode>0</snsCode>
				<snsTitle>General</snsTitle>
				<snsSubSubSystem>
					<snsCode>0</snsCode>
					<snsTitle>General</snsTitle>
				</snsSubSubSystem>
			</snsSubSystem>
			<snsSubSystem>
				<snsCode>1</snsCode>
				<snsTitle>Parking</snsTitle>
				<snsSubSubSystem>
					<snsCode>0</snsCode>
					<snsTitle>Parking</snsTitle>
				</snsSubSubSystem>
			</snsSubSystem>
			<snsSubSystem>
				<snsCode>2</snsCode>
				<snsTitle>Mooring</snsTitle>
				<snsSubSubSystem>
					<snsCode>0</snsCode>
					<snsTitle>Mooring</snsTitle>
				</snsSubSubSystem>
			</snsSubSystem>
			<snsSubSystem>
				<snsCode>3</snsCode>
				<snsTitle>Storing</snsTitle>
				<snsSubSubSystem>
					<snsCode>0</snsCode>
					<snsTitle>Storing</snsTitle>
				</snsSubSubSystem>
			</snsSubSystem>
			<snsSubSystem>
				<snsCode>4</snsCode>
				<snsTitle>Return To Services</snsTitle>
				<snsSubSubSystem>
					<snsCode>0</snsCode>
					<snsTitle>Return To Services</snsTitle>
				</snsSubSubSystem>
			</snsSubSystem>
		</snsSystem>
		<snsSystem>
			<snsCode>11</snsCode>
			<snsTitle>11 Placards and Markings</snsTitle>
			<snsSubSystem>
				<snsCode>0</snsCode>
				<snsTitle>General</snsTitle>
				<snsSubSubSystem>
					<snsCode>0</snsCode>
					<snsTitle>General</snsTitle>
				</snsSubSubSystem>
			</snsSubSystem>
			<snsSubSystem>
				<snsCode>1</snsCode>
				<snsTitle>Exterior Color Schemes and Markings</snsTitle>
				<snsSubSubSystem>
					<snsCode>0</snsCode>
					<snsTitle>Exterior Color Schemes and Markings</snsTitle>
				</snsSubSubSystem>
			</snsSubSystem>
			<snsSubSystem>
				<snsCode>2</snsCode>
				<snsTitle>Ext. Placards and Markings</snsTitle>
				<snsSubSubSystem>
					<snsCode>0</snsCode>
					<snsTitle>Ext. Placards and Markings</snsTitle>
				</snsSubSubSystem>
			</snsSubSystem>
			<snsSubSystem>
				<snsCode>3</snsCode>
				<snsTitle>Int. Plackards and Markings</snsTitle>
				<snsSubSubSystem>
					<snsCode>0</snsCode>
					<snsTitle>Int. Plackards and Markings</snsTitle>
				</snsSubSubSystem>
			</snsSubSystem>
		</snsSystem>
		<snsSystem>
			<snsCode>12</snsCode>
			<snsTitle>12 Servicing</snsTitle>
			<snsSubSystem>
				<snsCode>0</snsCode>
				<snsTitle>General</snsTitle>
				<snsSubSubSystem>
					<snsCode>0</snsCode>
					<snsTitle>General</snsTitle>
				</snsSubSubSystem>
			</snsSubSystem>
			<snsSubSystem>
				<snsCode>1</snsCode>
				<snsTitle>Replenishing and Depleting</snsTitle>
				<snsSubSubSystem>
					<snsCode>0</snsCode>
					<snsTitle>Replenishing and Depleting</snsTitle>
				</snsSubSubSystem>
			</snsSubSystem>
			<snsSubSystem>
				<snsCode>2</snsCode>
				<snsTitle>Scheduled Servicing</snsTitle>
				<snsSubSubSystem>
					<snsCode>0</snsCode>
					<snsTitle>Scheduled Servicing</snsTitle>
				</snsSubSubSystem>
			</snsSubSystem>
			<snsSubSystem>
				<snsCode>3</snsCode>
				<snsTitle>Unscheduled Servicing</snsTitle>
				<snsSubSubSystem>
					<snsCode>0</snsCode>
					<snsTitle>Unscheduled Servicing</snsTitle>
				</snsSubSubSystem>
			</snsSubSystem>
		</snsSystem>
		<snsSystem>
			<snsCode>14</snsCode>
			<snsTitle>14 Hardware and General Tools</snsTitle>
		</snsSystem>
		<snsSystem>
			<snsCode>15</snsCode>
			<snsTitle>15 Crew Information </snsTitle>
			<snsSubSystem>
				<snsCode>0</snsCode>
				<snsTitle>General</snsTitle>
				<snsSubSubSystem>
					<snsCode>0</snsCode>
					<snsTitle>General</snsTitle>
				</snsSubSubSystem>
			</snsSubSystem>
			<snsSubSystem>
				<snsCode>1</snsCode>
				<snsTitle>Operating Limitations</snsTitle>
				<snsSubSubSystem>
					<snsCode>0</snsCode>
					<snsTitle>Operating Limitations</snsTitle>
				</snsSubSubSystem>
			</snsSubSystem>
			<snsSubSystem>
				<snsCode>2</snsCode>
				<snsTitle>Flight Characteristics</snsTitle>
				<snsSubSubSystem>
					<snsCode>0</snsCode>
					<snsTitle>Flight Characteristics</snsTitle>
				</snsSubSubSystem>
			</snsSubSystem>
			<snsSubSystem>
				<snsCode>3</snsCode>
				<snsTitle>Normal Procedures</snsTitle>
				<snsSubSubSystem>
					<snsCode>0</snsCode>
					<snsTitle>Normal Procedures</snsTitle>
				</snsSubSubSystem>
			</snsSubSystem>
			<snsSubSystem>
				<snsCode>4</snsCode>
				<snsTitle>Emergency Procedures</snsTitle>
				<snsSubSubSystem>
					<snsCode>0</snsCode>
					<snsTitle>Emergency Procedures</snsTitle>
				</snsSubSubSystem>
			</snsSubSystem>
			<snsSubSystem>
				<snsCode>5</snsCode>
				<snsTitle>Special Conditions</snsTitle>
				<snsSubSubSystem>
					<snsCode>0</snsCode>
					<snsTitle>Special Conditions</snsTitle>
				</snsSubSubSystem>
			</snsSubSystem>
			<snsSubSystem>
				<snsCode>6</snsCode>
				<snsTitle>Performance Data</snsTitle>
				<snsSubSubSystem>
					<snsCode>0</snsCode>
					<snsTitle>Performance Data</snsTitle>
				</snsSubSubSystem>
			</snsSubSystem>
		</snsSystem>
		<snsSystem>
			<snsCode>16</snsCode>
			<snsTitle>16 Change Of Role</snsTitle>
			<snsSubSystem>
				<snsCode>0</snsCode>
				<snsTitle>General</snsTitle>
				<snsSubSubSystem>
					<snsCode>0</snsCode>
					<snsTitle>General</snsTitle>
				</snsSubSubSystem>
			</snsSubSystem>
			<snsSubSystem>
				<snsCode>1</snsCode>
				<snsTitle>Role Changes</snsTitle>
				<snsSubSubSystem>
					<snsCode>0</snsCode>
					<snsTitle>Role Changes</snsTitle>
				</snsSubSubSystem>
			</snsSubSystem>
		</snsSystem>
		<snsSystem>
			<snsCode>17</snsCode>
			<snsTitle>17 Fti Systems</snsTitle>
			<snsSubSystem>
				<snsCode>0</snsCode>
				<snsTitle/>
				<snsSubSubSystem>
					<snsCode>0</snsCode>
					<snsTitle/>
				</snsSubSubSystem>
			</snsSubSystem>
		</snsSystem>
		<snsSystem>
			<snsCode>18</snsCode>
			<snsTitle>18 Vibration and Noise Analysis</snsTitle>
			<snsSubSystem>
				<snsCode>0</snsCode>
				<snsTitle>General</snsTitle>
				<snsSubSubSystem>
					<snsCode>0</snsCode>
					<snsTitle>General</snsTitle>
				</snsSubSubSystem>
			</snsSubSystem>
			<snsSubSystem>
				<snsCode>1</snsCode>
				<snsTitle>Vibration Analysis</snsTitle>
				<snsSubSubSystem>
					<snsCode>0</snsCode>
					<snsTitle>Vibration Analysis</snsTitle>
				</snsSubSubSystem>
			</snsSubSystem>
			<snsSubSystem>
				<snsCode>2</snsCode>
				<snsTitle>Noise Analysis</snsTitle>
				<snsSubSubSystem>
					<snsCode>0</snsCode>
					<snsTitle>Noise Analysis</snsTitle>
				</snsSubSubSystem>
			</snsSubSystem>
			<snsSubSystem>
				<snsCode>3</snsCode>
				<snsTitle>Active Attenuation / Actuation</snsTitle>
				<snsSubSubSystem>
					<snsCode>0</snsCode>
					<snsTitle>Active Attenuation / Actuation</snsTitle>
				</snsSubSubSystem>
			</snsSubSystem>
			<snsSubSystem>
				<snsCode>4</snsCode>
				<snsTitle>Sensing</snsTitle>
				<snsSubSubSystem>
					<snsCode>0</snsCode>
					<snsTitle>Sensing</snsTitle>
				</snsSubSubSystem>
			</snsSubSystem>
			<snsSubSystem>
				<snsCode>5</snsCode>
				<snsTitle>Control / Computing</snsTitle>
				<snsSubSubSystem>
					<snsCode>0</snsCode>
					<snsTitle>Control / Computing</snsTitle>
				</snsSubSubSystem>
			</snsSubSystem>
			<snsSubSystem>
				<snsCode>6</snsCode>
				<snsTitle>Passive Attenuation</snsTitle>
				<snsSubSubSystem>
					<snsCode>0</snsCode>
					<snsTitle>Passive Attenuation</snsTitle>
				</snsSubSubSystem>
			</snsSubSystem>
		</snsSystem>
		<snsSystem>
			<snsCode>19</snsCode>
			<snsTitle>19 Fti Perimeters</snsTitle>
			<snsSubSystem>
				<snsCode>0</snsCode>
				<snsTitle/>
				<snsSubSubSystem>
					<snsCode>0</snsCode>
					<snsTitle/>
				</snsSubSubSystem>
			</snsSubSystem>
		</snsSystem>
		<snsSystem>
			<snsCode>20</snsCode>
			<snsTitle>20 Standard Practices, Airframe Systems</snsTitle>
			<snsSubSystem>
				<snsCode>0</snsCode>
				<snsTitle>General</snsTitle>
				<snsSubSubSystem>
					<snsCode>0</snsCode>
					<snsTitle>General</snsTitle>
				</snsSubSubSystem>
			</snsSubSystem>
		</snsSystem>
		<snsSystem>
			<snsCode>21</snsCode>
			<snsTitle>21 Air Conditioning/Environmental Control</snsTitle>
			<snsSubSystem>
				<snsCode>0</snsCode>
				<snsTitle>General</snsTitle>
				<snsSubSubSystem>
					<snsCode>0</snsCode>
					<snsTitle>General</snsTitle>
				</snsSubSubSystem>
			</snsSubSystem>
			<snsSubSystem>
				<snsCode>1</snsCode>
				<snsTitle>Compression</snsTitle>
				<snsSubSubSystem>
					<snsCode>0</snsCode>
					<snsTitle>Compression</snsTitle>
				</snsSubSubSystem>
			</snsSubSystem>
			<snsSubSystem>
				<snsCode>2</snsCode>
				<snsTitle>Distribution</snsTitle>
				<snsSubSubSystem>
					<snsCode>0</snsCode>
					<snsTitle>Distribution</snsTitle>
				</snsSubSubSystem>
			</snsSubSystem>
			<snsSubSystem>
				<snsCode>3</snsCode>
				<snsTitle>Pressurization Control</snsTitle>
				<snsSubSubSystem>
					<snsCode>0</snsCode>
					<snsTitle>Pressurization Control</snsTitle>
				</snsSubSubSystem>
			</snsSubSystem>
			<snsSubSystem>
				<snsCode>4</snsCode>
				<snsTitle>Heating</snsTitle>
				<snsSubSubSystem>
					<snsCode>0</snsCode>
					<snsTitle>Heating</snsTitle>
				</snsSubSubSystem>
			</snsSubSystem>
			<snsSubSystem>
				<snsCode>5</snsCode>
				<snsTitle>Cooling</snsTitle>
				<snsSubSubSystem>
					<snsCode>0</snsCode>
					<snsTitle>Cooling</snsTitle>
				</snsSubSubSystem>
			</snsSubSystem>
			<snsSubSystem>
				<snsCode>6</snsCode>
				<snsTitle>Temperature Control</snsTitle>
				<snsSubSubSystem>
					<snsCode>0</snsCode>
					<snsTitle>Temperature Control</snsTitle>
				</snsSubSubSystem>
			</snsSubSystem>
			<snsSubSystem>
				<snsCode>7</snsCode>
				<snsTitle>Moisture / Air Contamination Control</snsTitle>
				<snsSubSubSystem>
					<snsCode>0</snsCode>
					<snsTitle>Moisture / Air Contamination Control</snsTitle>
				</snsSubSubSystem>
			</snsSubSystem>
			<snsSubSystem>
				<snsCode>8</snsCode>
				<snsTitle>Liquid / Gas Coolant</snsTitle>
				<snsSubSubSystem>
					<snsCode>0</snsCode>
					<snsTitle>Liquid / Gas Coolant</snsTitle>
				</snsSubSubSystem>
			</snsSubSystem>
			<snsSubSystem>
				<snsCode>9</snsCode>
				<snsTitle>Integrated Environmental Control System</snsTitle>
				<snsSubSubSystem>
					<snsCode>0</snsCode>
					<snsTitle>Integrated Environmental Control System</snsTitle>
				</snsSubSubSystem>
			</snsSubSystem>
		</snsSystem>
		<snsSystem>
			<snsCode>22</snsCode>
			<snsTitle>22 Auto Flight</snsTitle>
			<snsSubSystem>
				<snsCode>0</snsCode>
				<snsTitle>General</snsTitle>
				<snsSubSubSystem>
					<snsCode>0</snsCode>
					<snsTitle>General</snsTitle>
				</snsSubSubSystem>
			</snsSubSystem>
			<snsSubSystem>
				<snsCode>1</snsCode>
				<snsTitle>Autopilot</snsTitle>
				<snsSubSubSystem>
					<snsCode>0</snsCode>
					<snsTitle>Autopilot</snsTitle>
				</snsSubSubSystem>
			</snsSubSystem>
			<snsSubSystem>
				<snsCode>2</snsCode>
				<snsTitle>Speed-Attitude Correction</snsTitle>
				<snsSubSubSystem>
					<snsCode>0</snsCode>
					<snsTitle>Speed-Attitude Correction</snsTitle>
				</snsSubSubSystem>
			</snsSubSystem>
			<snsSubSystem>
				<snsCode>3</snsCode>
				<snsTitle>Auto Throttle</snsTitle>
				<snsSubSubSystem>
					<snsCode>0</snsCode>
					<snsTitle>Auto Throttle</snsTitle>
				</snsSubSubSystem>
			</snsSubSystem>
			<snsSubSystem>
				<snsCode>4</snsCode>
				<snsTitle>System Monitor</snsTitle>
				<snsSubSubSystem>
					<snsCode>0</snsCode>
					<snsTitle>System Monitor</snsTitle>
				</snsSubSubSystem>
			</snsSubSystem>
			<snsSubSystem>
				<snsCode>5</snsCode>
				<snsTitle>Aerodynamic Load Alleviating</snsTitle>
				<snsSubSubSystem>
					<snsCode>0</snsCode>
					<snsTitle>Aerodynamic Load Alleviating</snsTitle>
				</snsSubSubSystem>
			</snsSubSystem>
		</snsSystem>
		<snsSystem>
			<snsCode>23</snsCode>
			<snsTitle>23 Communications</snsTitle>
			<snsSubSystem>
				<snsCode>0</snsCode>
				<snsTitle>General</snsTitle>
				<snsSubSubSystem>
					<snsCode>0</snsCode>
					<snsTitle>General</snsTitle>
				</snsSubSubSystem>
			</snsSubSystem>
			<snsSubSystem>
				<snsCode>1</snsCode>
				<snsTitle>Speech Communication</snsTitle>
				<snsSubSubSystem>
					<snsCode>0</snsCode>
					<snsTitle>Speech Communication</snsTitle>
				</snsSubSubSystem>
			</snsSubSystem>
			<snsSubSystem>
				<snsCode>2</snsCode>
				<snsTitle>Data Transmission and Automatic Calling</snsTitle>
				<snsSubSubSystem>
					<snsCode>0</snsCode>
					<snsTitle>Data Transmission and Automatic Calling</snsTitle>
				</snsSubSubSystem>
			</snsSubSystem>
			<snsSubSystem>
				<snsCode>3</snsCode>
				<snsTitle>Passenger Address and Entertainment</snsTitle>
				<snsSubSubSystem>
					<snsCode>0</snsCode>
					<snsTitle>Passenger Address and Entertainment</snsTitle>
				</snsSubSubSystem>
			</snsSubSystem>
			<snsSubSystem>
				<snsCode>4</snsCode>
				<snsTitle>Interphone</snsTitle>
				<snsSubSubSystem>
					<snsCode>0</snsCode>
					<snsTitle>Interphone</snsTitle>
				</snsSubSubSystem>
			</snsSubSystem>
			<snsSubSystem>
				<snsCode>5</snsCode>
				<snsTitle>Audio Integrating and Voice Comand System</snsTitle>
				<snsSubSubSystem>
					<snsCode>0</snsCode>
					<snsTitle>Audio Integrating and Voice Comand System</snsTitle>
				</snsSubSubSystem>
			</snsSubSystem>
			<snsSubSystem>
				<snsCode>6</snsCode>
				<snsTitle>Static Discharging</snsTitle>
				<snsSubSubSystem>
					<snsCode>0</snsCode>
					<snsTitle>Static Discharging</snsTitle>
				</snsSubSubSystem>
			</snsSubSystem>
			<snsSubSystem>
				<snsCode>7</snsCode>
				<snsTitle>Audio and Video Monitoring</snsTitle>
				<snsSubSubSystem>
					<snsCode>0</snsCode>
					<snsTitle>Audio and Video Monitoring</snsTitle>
				</snsSubSubSystem>
			</snsSubSystem>
			<snsSubSystem>
				<snsCode>8</snsCode>
				<snsTitle>Integrated Automatic Tuning</snsTitle>
				<snsSubSubSystem>
					<snsCode>0</snsCode>
					<snsTitle>Integrated Automatic Tuning</snsTitle>
				</snsSubSubSystem>
			</snsSubSystem>
		</snsSystem>
		<snsSystem>
			<snsCode>24</snsCode>
			<snsTitle>24 Electrical Power</snsTitle>
			<snsSubSystem>
				<snsCode>0</snsCode>
				<snsTitle>General</snsTitle>
				<snsSubSubSystem>
					<snsCode>0</snsCode>
					<snsTitle>General</snsTitle>
				</snsSubSubSystem>
			</snsSubSystem>
			<snsSubSystem>
				<snsCode>1</snsCode>
				<snsTitle>Generator Drive</snsTitle>
				<snsSubSubSystem>
					<snsCode>0</snsCode>
					<snsTitle>Generator Drive</snsTitle>
				</snsSubSubSystem>
			</snsSubSystem>
			<snsSubSystem>
				<snsCode>2</snsCode>
				<snsTitle>AC Generation</snsTitle>
				<snsSubSubSystem>
					<snsCode>0</snsCode>
					<snsTitle>AC Generation</snsTitle>
				</snsSubSubSystem>
			</snsSubSystem>
			<snsSubSystem>
				<snsCode>3</snsCode>
				<snsTitle>DC Generation</snsTitle>
				<snsSubSubSystem>
					<snsCode>0</snsCode>
					<snsTitle>DC Generation</snsTitle>
				</snsSubSubSystem>
			</snsSubSystem>
			<snsSubSystem>
				<snsCode>4</snsCode>
				<snsTitle>External Power</snsTitle>
				<snsSubSubSystem>
					<snsCode>0</snsCode>
					<snsTitle>External Power</snsTitle>
				</snsSubSubSystem>
			</snsSubSystem>
			<snsSubSystem>
				<snsCode>5</snsCode>
				<snsTitle>AC Electrical Load Distribution</snsTitle>
				<snsSubSubSystem>
					<snsCode>0</snsCode>
					<snsTitle>AC Electrical Load Distribution</snsTitle>
				</snsSubSubSystem>
			</snsSubSystem>
			<snsSubSystem>
				<snsCode>6</snsCode>
				<snsTitle>DC Electrical Load Distribution</snsTitle>
				<snsSubSubSystem>
					<snsCode>0</snsCode>
					<snsTitle>DC Electrical Load Distribution</snsTitle>
				</snsSubSubSystem>
			</snsSubSystem>
			<snsSubSystem>
				<snsCode>7</snsCode>
				<snsTitle>Electr. Monitoring and Protection</snsTitle>
				<snsSubSubSystem>
					<snsCode>0</snsCode>
					<snsTitle>Electr. Monitoring and Protection</snsTitle>
				</snsSubSubSystem>
			</snsSubSystem>
			<snsSubSystem>
				<snsCode>8</snsCode>
				<snsTitle>Electrical Power Multiplexing</snsTitle>
				<snsSubSubSystem>
					<snsCode>0</snsCode>
					<snsTitle>Electrical Power Multiplexing</snsTitle>
				</snsSubSubSystem>
			</snsSubSystem>
			<snsSubSystem>
				<snsCode>9</snsCode>
				<snsTitle>Multipurpose Equipment</snsTitle>
				<snsSubSubSystem>
					<snsCode>0</snsCode>
					<snsTitle>Multipurpose Equipment</snsTitle>
				</snsSubSubSystem>
			</snsSubSystem>
		</snsSystem>
		<snsSystem>
			<snsCode>25</snsCode>
			<snsTitle>25 Equipment/Furnishings</snsTitle>
			<snsSubSystem>
				<snsCode>0</snsCode>
				<snsTitle>General</snsTitle>
				<snsSubSubSystem>
					<snsCode>0</snsCode>
					<snsTitle>General</snsTitle>
				</snsSubSubSystem>
			</snsSubSystem>
			<snsSubSystem>
				<snsCode>1</snsCode>
				<snsTitle>Flight Compartment</snsTitle>
				<snsSubSubSystem>
					<snsCode>0</snsCode>
					<snsTitle>Flight Compartment</snsTitle>
				</snsSubSubSystem>
			</snsSubSystem>
			<snsSubSystem>
				<snsCode>2</snsCode>
				<snsTitle>Passenger/Operating Crew Compartment</snsTitle>
				<snsSubSubSystem>
					<snsCode>0</snsCode>
					<snsTitle>Passenger/Operating Crew Compartment</snsTitle>
				</snsSubSubSystem>
			</snsSubSystem>
			<snsSubSystem>
				<snsCode>6</snsCode>
				<snsTitle>Emergency</snsTitle>
				<snsSubSubSystem>
					<snsCode>0</snsCode>
					<snsTitle>Emergency</snsTitle>
				</snsSubSubSystem>
			</snsSubSystem>
			<snsSubSystem>
				<snsCode>8</snsCode>
				<snsTitle>Insulation and Lining</snsTitle>
				<snsSubSubSystem>
					<snsCode>0</snsCode>
					<snsTitle>Insulation and Lining</snsTitle>
				</snsSubSubSystem>
			</snsSubSystem>
		</snsSystem>
		<snsSystem>
			<snsCode>26</snsCode>
			<snsTitle>26 Fire Protection</snsTitle>
			<snsSubSystem>
				<snsCode>0</snsCode>
				<snsTitle>General</snsTitle>
				<snsSubSubSystem>
					<snsCode>0</snsCode>
					<snsTitle>General</snsTitle>
				</snsSubSubSystem>
			</snsSubSystem>
			<snsSubSystem>
				<snsCode>1</snsCode>
				<snsTitle>Detection</snsTitle>
				<snsSubSubSystem>
					<snsCode>0</snsCode>
					<snsTitle>Detection</snsTitle>
				</snsSubSubSystem>
			</snsSubSystem>
			<snsSubSystem>
				<snsCode>2</snsCode>
				<snsTitle>Extinguishing</snsTitle>
				<snsSubSubSystem>
					<snsCode>0</snsCode>
					<snsTitle>Extinguishing</snsTitle>
				</snsSubSubSystem>
			</snsSubSystem>
			<snsSubSystem>
				<snsCode>3</snsCode>
				<snsTitle>Explosion Suppression</snsTitle>
				<snsSubSubSystem>
					<snsCode>0</snsCode>
					<snsTitle>Explosion Suppression</snsTitle>
				</snsSubSubSystem>
			</snsSubSystem>
		</snsSystem>
		<snsSystem>
			<snsCode>27</snsCode>
			<snsTitle>27 Flight Controls</snsTitle>
			<snsSubSystem>
				<snsCode>0</snsCode>
				<snsTitle>General</snsTitle>
				<snsSubSubSystem>
					<snsCode>0</snsCode>
					<snsTitle>General</snsTitle>
				</snsSubSubSystem>
			</snsSubSystem>
			<snsSubSystem>
				<snsCode>6</snsCode>
				<snsTitle>Variable Aerodynamic Fairings</snsTitle>
				<snsSubSubSystem>
					<snsCode>0</snsCode>
					<snsTitle>Variable Aerodynamic Fairings</snsTitle>
				</snsSubSubSystem>
			</snsSubSystem>
			<snsSubSystem>
				<snsCode>9</snsCode>
				<snsTitle>Electronic Flight Control System</snsTitle>
				<snsSubSubSystem>
					<snsCode>0</snsCode>
					<snsTitle>Electronic Flight Control System</snsTitle>
				</snsSubSubSystem>
			</snsSubSystem>
		</snsSystem>
		<snsSystem>
			<snsCode>30</snsCode>
			<snsTitle>30 Ice and Rain Protection</snsTitle>
			<snsSubSystem>
				<snsCode>0</snsCode>
				<snsTitle>General</snsTitle>
				<snsSubSubSystem>
					<snsCode>0</snsCode>
					<snsTitle>General</snsTitle>
				</snsSubSubSystem>
			</snsSubSystem>
			<snsSubSystem>
				<snsCode>1</snsCode>
				<snsTitle>Airfoil</snsTitle>
				<snsSubSubSystem>
					<snsCode>0</snsCode>
					<snsTitle>Airfoil</snsTitle>
				</snsSubSubSystem>
			</snsSubSystem>
			<snsSubSystem>
				<snsCode>2</snsCode>
				<snsTitle>Air Intakes</snsTitle>
				<snsSubSubSystem>
					<snsCode>0</snsCode>
					<snsTitle>Air Intakes</snsTitle>
				</snsSubSubSystem>
			</snsSubSystem>
			<snsSubSystem>
				<snsCode>3</snsCode>
				<snsTitle>Pitot and Static</snsTitle>
				<snsSubSubSystem>
					<snsCode>0</snsCode>
					<snsTitle>Pitot and Static</snsTitle>
				</snsSubSubSystem>
			</snsSubSystem>
			<snsSubSystem>
				<snsCode>4</snsCode>
				<snsTitle>Windows Windshield Canopies and Doors</snsTitle>
				<snsSubSubSystem>
					<snsCode>0</snsCode>
					<snsTitle>Windows Windshield Canopies and Doors</snsTitle>
				</snsSubSubSystem>
			</snsSubSystem>
			<snsSubSystem>
				<snsCode>5</snsCode>
				<snsTitle>Antennas and Radomes</snsTitle>
				<snsSubSubSystem>
					<snsCode>0</snsCode>
					<snsTitle>Antennas and Radomes</snsTitle>
				</snsSubSubSystem>
			</snsSubSystem>
			<snsSubSystem>
				<snsCode>6</snsCode>
				<snsTitle>Rotors</snsTitle>
				<snsSubSubSystem>
					<snsCode>0</snsCode>
					<snsTitle>Rotors</snsTitle>
				</snsSubSubSystem>
			</snsSubSystem>
			<snsSubSystem>
				<snsCode>8</snsCode>
				<snsTitle>Detection</snsTitle>
				<snsSubSubSystem>
					<snsCode>0</snsCode>
					<snsTitle>Detection</snsTitle>
				</snsSubSubSystem>
			</snsSubSystem>
		</snsSystem>
		<snsSystem>
			<snsCode>31</snsCode>
			<snsTitle>31 Indicating/Recording Systems</snsTitle>
			<snsSubSystem>
				<snsCode>0</snsCode>
				<snsTitle>General</snsTitle>
				<snsSubSubSystem>
					<snsCode>0</snsCode>
					<snsTitle>General</snsTitle>
				</snsSubSubSystem>
			</snsSubSystem>
			<snsSubSystem>
				<snsCode>1</snsCode>
				<snsTitle>Instrument and Control Panels</snsTitle>
				<snsSubSubSystem>
					<snsCode>0</snsCode>
					<snsTitle>Instrument and Control Panels</snsTitle>
				</snsSubSubSystem>
			</snsSubSystem>
			<snsSubSystem>
				<snsCode>2</snsCode>
				<snsTitle>Independent Instruments</snsTitle>
				<snsSubSubSystem>
					<snsCode>0</snsCode>
					<snsTitle>Independent Instruments</snsTitle>
				</snsSubSubSystem>
			</snsSubSystem>
			<snsSubSystem>
				<snsCode>3</snsCode>
				<snsTitle>Recorders</snsTitle>
				<snsSubSubSystem>
					<snsCode>0</snsCode>
					<snsTitle>Recorders</snsTitle>
				</snsSubSubSystem>
			</snsSubSystem>
			<snsSubSystem>
				<snsCode>4</snsCode>
				<snsTitle>General Computers</snsTitle>
				<snsSubSubSystem>
					<snsCode>0</snsCode>
					<snsTitle>General Computers</snsTitle>
				</snsSubSubSystem>
			</snsSubSystem>
			<snsSubSystem>
				<snsCode>5</snsCode>
				<snsTitle>Central Warning Systems</snsTitle>
				<snsSubSubSystem>
					<snsCode>0</snsCode>
					<snsTitle>Central Warning Systems</snsTitle>
				</snsSubSubSystem>
			</snsSubSystem>
			<snsSubSystem>
				<snsCode>6</snsCode>
				<snsTitle>Display Systems</snsTitle>
				<snsSubSubSystem>
					<snsCode>0</snsCode>
					<snsTitle>Display Systems</snsTitle>
				</snsSubSubSystem>
			</snsSubSystem>
			<snsSubSystem>
				<snsCode>7</snsCode>
				<snsTitle>Automatic Data Reporting Systems</snsTitle>
				<snsSubSubSystem>
					<snsCode>0</snsCode>
					<snsTitle>Automatic Data Reporting Systems</snsTitle>
				</snsSubSubSystem>
			</snsSubSystem>
		</snsSystem>
		<snsSystem>
			<snsCode>32</snsCode>
			<snsTitle>32 Landing Gear</snsTitle>
			<snsSubSystem>
				<snsCode>0</snsCode>
				<snsTitle>General</snsTitle>
				<snsSubSubSystem>
					<snsCode>0</snsCode>
					<snsTitle>General</snsTitle>
				</snsSubSubSystem>
			</snsSubSystem>
			<snsSubSystem>
				<snsCode>1</snsCode>
				<snsTitle>Main Gear and Doors</snsTitle>
				<snsSubSubSystem>
					<snsCode>0</snsCode>
					<snsTitle>Main Gear and Doors</snsTitle>
				</snsSubSubSystem>
			</snsSubSystem>
			<snsSubSystem>
				<snsCode>2</snsCode>
				<snsTitle>Nose/Tail Gear and Doors</snsTitle>
				<snsSubSubSystem>
					<snsCode>0</snsCode>
					<snsTitle>Nose/Tail Gear and Doors</snsTitle>
				</snsSubSubSystem>
			</snsSubSystem>
			<snsSubSystem>
				<snsCode>3</snsCode>
				<snsTitle>Extension and Retraction</snsTitle>
				<snsSubSubSystem>
					<snsCode>0</snsCode>
					<snsTitle>Extension and Retraction</snsTitle>
				</snsSubSubSystem>
			</snsSubSystem>
			<snsSubSystem>
				<snsCode>4</snsCode>
				<snsTitle>Wheels and Brakes</snsTitle>
				<snsSubSubSystem>
					<snsCode>0</snsCode>
					<snsTitle>Wheels and Brakes</snsTitle>
				</snsSubSubSystem>
			</snsSubSystem>
			<snsSubSystem>
				<snsCode>5</snsCode>
				<snsTitle>Steering and Maneuvering</snsTitle>
				<snsSubSubSystem>
					<snsCode>0</snsCode>
					<snsTitle>Steering and Maneuvering</snsTitle>
				</snsSubSubSystem>
			</snsSubSystem>
			<snsSubSystem>
				<snsCode>6</snsCode>
				<snsTitle>Position and Warning</snsTitle>
				<snsSubSubSystem>
					<snsCode>0</snsCode>
					<snsTitle>Position and Warning</snsTitle>
				</snsSubSubSystem>
			</snsSubSystem>
			<snsSubSystem>
				<snsCode>7</snsCode>
				<snsTitle>Plementary Gear</snsTitle>
				<snsSubSubSystem>
					<snsCode>0</snsCode>
					<snsTitle>Gear</snsTitle>
				</snsSubSubSystem>
			</snsSubSystem>
		</snsSystem>
		<snsSystem>
			<snsCode>33</snsCode>
			<snsTitle>33 Lights</snsTitle>
			<snsSubSystem>
				<snsCode>0</snsCode>
				<snsTitle>General</snsTitle>
				<snsSubSubSystem>
					<snsCode>0</snsCode>
					<snsTitle>General</snsTitle>
				</snsSubSubSystem>
			</snsSubSystem>
			<snsSubSystem>
				<snsCode>1</snsCode>
				<snsTitle>Flight Compartment</snsTitle>
				<snsSubSubSystem>
					<snsCode>0</snsCode>
					<snsTitle>Flight Compartment</snsTitle>
				</snsSubSubSystem>
			</snsSubSystem>
			<snsSubSystem>
				<snsCode>2</snsCode>
				<snsTitle>Passenger Compartment</snsTitle>
				<snsSubSubSystem>
					<snsCode>0</snsCode>
					<snsTitle>Passenger Compartment</snsTitle>
				</snsSubSubSystem>
			</snsSubSystem>
			<snsSubSystem>
				<snsCode>3</snsCode>
				<snsTitle>Cargo and Service Compartment</snsTitle>
				<snsSubSubSystem>
					<snsCode>0</snsCode>
					<snsTitle>Cargo and Service Compartment</snsTitle>
				</snsSubSubSystem>
			</snsSubSystem>
			<snsSubSystem>
				<snsCode>4</snsCode>
				<snsTitle>Exterior</snsTitle>
				<snsSubSubSystem>
					<snsCode>0</snsCode>
					<snsTitle>Exterior</snsTitle>
				</snsSubSubSystem>
			</snsSubSystem>
			<snsSubSystem>
				<snsCode>5</snsCode>
				<snsTitle>Emergency Lighting</snsTitle>
				<snsSubSubSystem>
					<snsCode>0</snsCode>
					<snsTitle>Emergency Lighting</snsTitle>
				</snsSubSubSystem>
			</snsSubSystem>
		</snsSystem>
		<snsSystem>
			<snsCode>34</snsCode>
			<snsTitle>34 Navigation</snsTitle>
			<snsSubSystem>
				<snsCode>0</snsCode>
				<snsTitle>General</snsTitle>
				<snsSubSubSystem>
					<snsCode>0</snsCode>
					<snsTitle>General</snsTitle>
				</snsSubSubSystem>
			</snsSubSystem>
			<snsSubSystem>
				<snsCode>1</snsCode>
				<snsTitle>Flight Environment Data</snsTitle>
				<snsSubSubSystem>
					<snsCode>0</snsCode>
					<snsTitle>Flight Environment Data</snsTitle>
				</snsSubSubSystem>
			</snsSubSystem>
			<snsSubSystem>
				<snsCode>2</snsCode>
				<snsTitle>Attitude and Direction</snsTitle>
				<snsSubSubSystem>
					<snsCode>0</snsCode>
					<snsTitle>Attitude and Direction</snsTitle>
				</snsSubSubSystem>
			</snsSubSystem>
			<snsSubSystem>
				<snsCode>3</snsCode>
				<snsTitle>Landing and Taxiing Aids</snsTitle>
				<snsSubSubSystem>
					<snsCode>0</snsCode>
					<snsTitle>Landing and Taxiing Aids</snsTitle>
				</snsSubSubSystem>
			</snsSubSystem>
			<snsSubSystem>
				<snsCode>4</snsCode>
				<snsTitle>Independ. Position Determining</snsTitle>
				<snsSubSubSystem>
					<snsCode>0</snsCode>
					<snsTitle>Independ. Position Determining</snsTitle>
				</snsSubSubSystem>
			</snsSubSystem>
			<snsSubSystem>
				<snsCode>5</snsCode>
				<snsTitle>Dependent Position Determining</snsTitle>
				<snsSubSubSystem>
					<snsCode>0</snsCode>
					<snsTitle>Dependent Position Determining</snsTitle>
				</snsSubSubSystem>
			</snsSubSystem>
			<snsSubSystem>
				<snsCode>6</snsCode>
				<snsTitle>Flight Management Computing</snsTitle>
				<snsSubSubSystem>
					<snsCode>0</snsCode>
					<snsTitle>Flight Management Computing</snsTitle>
				</snsSubSubSystem>
			</snsSubSystem>
			<snsSubSystem>
				<snsCode>7</snsCode>
				<snsTitle>Environment Surveillance System</snsTitle>
				<snsSubSubSystem>
					<snsCode>0</snsCode>
					<snsTitle>Environment Surveillance System</snsTitle>
				</snsSubSubSystem>
			</snsSubSystem>
		</snsSystem>
		<snsSystem>
			<snsCode>42</snsCode>
			<snsTitle>42 Integrated Modular Avionics</snsTitle>
			<snsSubSystem>
				<snsCode>0</snsCode>
				<snsTitle>General</snsTitle>
				<snsSubSubSystem>
					<snsCode>0</snsCode>
					<snsTitle>General</snsTitle>
				</snsSubSubSystem>
			</snsSubSystem>
			<snsSubSystem>
				<snsCode>2</snsCode>
				<snsTitle>Core System</snsTitle>
				<snsSubSubSystem>
					<snsCode>0</snsCode>
					<snsTitle>Core System</snsTitle>
				</snsSubSubSystem>
			</snsSubSystem>
			<snsSubSystem>
				<snsCode>3</snsCode>
				<snsTitle>Network Components</snsTitle>
				<snsSubSubSystem>
					<snsCode>0</snsCode>
					<snsTitle>Network Components</snsTitle>
				</snsSubSubSystem>
			</snsSubSystem>
		</snsSystem>
		<snsSystem>
			<snsCode>44</snsCode>
			<snsTitle>44 Cabin System</snsTitle>
			<snsSubSystem>
				<snsCode>0</snsCode>
				<snsTitle>General</snsTitle>
				<snsSubSubSystem>
					<snsCode>0</snsCode>
					<snsTitle>General</snsTitle>
				</snsSubSubSystem>
			</snsSubSystem>
			<snsSubSystem>
				<snsCode>1</snsCode>
				<snsTitle>Cabin Core System</snsTitle>
				<snsSubSubSystem>
					<snsCode>0</snsCode>
					<snsTitle>Cabin Core System</snsTitle>
				</snsSubSubSystem>
			</snsSubSystem>
			<snsSubSystem>
				<snsCode>2</snsCode>
				<snsTitle>Inflight Entertainment System</snsTitle>
				<snsSubSubSystem>
					<snsCode>0</snsCode>
					<snsTitle>Inflight Entertainment System</snsTitle>
				</snsSubSubSystem>
			</snsSubSystem>
			<snsSubSystem>
				<snsCode>3</snsCode>
				<snsTitle>External Communication System</snsTitle>
				<snsSubSubSystem>
					<snsCode>0</snsCode>
					<snsTitle>External Communication System</snsTitle>
				</snsSubSubSystem>
			</snsSubSystem>
			<snsSubSystem>
				<snsCode>4</snsCode>
				<snsTitle>Cabin Mass Memory System</snsTitle>
				<snsSubSubSystem>
					<snsCode>0</snsCode>
					<snsTitle>Cabin Mass Memory System</snsTitle>
				</snsSubSubSystem>
			</snsSubSystem>
			<snsSubSystem>
				<snsCode>5</snsCode>
				<snsTitle>Cabin Monitoring System</snsTitle>
				<snsSubSubSystem>
					<snsCode>0</snsCode>
					<snsTitle>Cabin Monitoring System</snsTitle>
				</snsSubSubSystem>
			</snsSubSystem>
			<snsSubSystem>
				<snsCode>6</snsCode>
				<snsTitle>Miscellaneous Cabin System</snsTitle>
				<snsSubSubSystem>
					<snsCode>0</snsCode>
					<snsTitle>Miscellaneous Cabin System</snsTitle>
				</snsSubSubSystem>
			</snsSubSystem>
		</snsSystem>
		<snsSystem>
			<snsCode>45</snsCode>
			<snsTitle>45 Central Maintenance System</snsTitle>
			<snsSubSystem>
				<snsCode>0</snsCode>
				<snsTitle>General</snsTitle>
				<snsSubSubSystem>
					<snsCode>0</snsCode>
					<snsTitle>General</snsTitle>
				</snsSubSubSystem>
			</snsSubSystem>
			<snsSubSystem>
				<snsCode>1</snsCode>
				<snsTitle>Cms/Air Vehicle General</snsTitle>
				<snsSubSubSystem>
					<snsCode>0</snsCode>
					<snsTitle>Cms/Air Vehicle General</snsTitle>
				</snsSubSubSystem>
			</snsSubSystem>
			<snsSubSystem>
				<snsCode>2</snsCode>
				<snsTitle>Cms/Airframe Systems</snsTitle>
				<snsSubSubSystem>
					<snsCode>0</snsCode>
					<snsTitle>Cms/Airframe Systems</snsTitle>
				</snsSubSubSystem>
			</snsSubSystem>
			<snsSubSystem>
				<snsCode>5</snsCode>
				<snsTitle>Cms/Structures</snsTitle>
				<snsSubSubSystem>
					<snsCode>0</snsCode>
					<snsTitle>Cms/Structures</snsTitle>
				</snsSubSubSystem>
			</snsSubSystem>
			<snsSubSystem>
				<snsCode>6</snsCode>
				<snsTitle>Cms/Rotors</snsTitle>
				<snsSubSubSystem>
					<snsCode>0</snsCode>
					<snsTitle>Cms/Rotors</snsTitle>
				</snsSubSubSystem>
			</snsSubSystem>
			<snsSubSystem>
				<snsCode>7</snsCode>
				<snsTitle>Cms/Power Plant</snsTitle>
				<snsSubSubSystem>
					<snsCode>0</snsCode>
					<snsTitle>Cms/Power Plant</snsTitle>
				</snsSubSubSystem>
			</snsSubSystem>
		</snsSystem>
		<snsSystem>
			<snsCode>46</snsCode>
			<snsTitle>46 Information System</snsTitle>
			<snsSubSystem>
				<snsCode>0</snsCode>
				<snsTitle>General</snsTitle>
				<snsSubSubSystem>
					<snsCode>0</snsCode>
					<snsTitle>General</snsTitle>
				</snsSubSubSystem>
			</snsSubSystem>
			<snsSubSystem>
				<snsCode>1</snsCode>
				<snsTitle>Aircraft General Information Systems</snsTitle>
				<snsSubSubSystem>
					<snsCode>0</snsCode>
					<snsTitle>Aircraft General Information Systems</snsTitle>
				</snsSubSubSystem>
			</snsSubSystem>
			<snsSubSystem>
				<snsCode>2</snsCode>
				<snsTitle>Flight Deck Information Systems</snsTitle>
				<snsSubSubSystem>
					<snsCode>0</snsCode>
					<snsTitle>Flight Deck Information Systems</snsTitle>
				</snsSubSubSystem>
			</snsSubSystem>
			<snsSubSystem>
				<snsCode>3</snsCode>
				<snsTitle>Maintenance Information Systems</snsTitle>
				<snsSubSubSystem>
					<snsCode>0</snsCode>
					<snsTitle>Maintenance Information Systems</snsTitle>
				</snsSubSubSystem>
			</snsSubSystem>
			<snsSubSystem>
				<snsCode>4</snsCode>
				<snsTitle>Passenger Cabin Information Systems</snsTitle>
				<snsSubSubSystem>
					<snsCode>0</snsCode>
					<snsTitle>Passenger Cabin Information Systems</snsTitle>
				</snsSubSubSystem>
			</snsSubSystem>
			<snsSubSystem>
				<snsCode>5</snsCode>
				<snsTitle>Miscellaneous Information Systems</snsTitle>
				<snsSubSubSystem>
					<snsCode>0</snsCode>
					<snsTitle>Miscellaneous Information Systems</snsTitle>
				</snsSubSubSystem>
			</snsSubSystem>
		</snsSystem>
		<snsSystem>
			<snsCode>50</snsCode>
			<snsTitle>50 Cargo	and Accessory Compartment</snsTitle>
			<snsSubSystem>
				<snsCode>0</snsCode>
				<snsTitle>General</snsTitle>
				<snsSubSubSystem>
					<snsCode>0</snsCode>
					<snsTitle>General</snsTitle>
				</snsSubSubSystem>
			</snsSubSystem>
			<snsSubSystem>
				<snsCode>1</snsCode>
				<snsTitle>Cargo Compartments</snsTitle>
				<snsSubSubSystem>
					<snsCode>0</snsCode>
					<snsTitle>Cargo Compartments</snsTitle>
				</snsSubSubSystem>
			</snsSubSystem>
			<snsSubSystem>
				<snsCode>2</snsCode>
				<snsTitle>Cargo Loading System</snsTitle>
				<snsSubSubSystem>
					<snsCode>0</snsCode>
					<snsTitle>Cargo Loading System</snsTitle>
				</snsSubSubSystem>
			</snsSubSystem>
			<snsSubSystem>
				<snsCode>3</snsCode>
				<snsTitle>Cargo Related Systems</snsTitle>
				<snsSubSubSystem>
					<snsCode>0</snsCode>
					<snsTitle>Cargo Related Systems</snsTitle>
				</snsSubSubSystem>
			</snsSubSystem>
			<snsSubSystem>
				<snsCode>4</snsCode>
				<snsTitle>Aerial Delivery</snsTitle>
				<snsSubSubSystem>
					<snsCode>0</snsCode>
					<snsTitle>Aerial Delivery</snsTitle>
				</snsSubSubSystem>
			</snsSubSystem>
			<snsSubSystem>
				<snsCode>5</snsCode>
				<snsTitle>Accessory Compartment</snsTitle>
				<snsSubSubSystem>
					<snsCode>0</snsCode>
					<snsTitle>Accessory Compartment</snsTitle>
				</snsSubSubSystem>
			</snsSubSystem>
			<snsSubSystem>
				<snsCode>6</snsCode>
				<snsTitle>Insulation</snsTitle>
				<snsSubSubSystem>
					<snsCode>0</snsCode>
					<snsTitle>Insulation</snsTitle>
				</snsSubSubSystem>
			</snsSubSystem>
		</snsSystem>
		<snsSystem>
			<snsCode>51</snsCode>
			<snsTitle>51 Standard Practices - Structures</snsTitle>
			<snsSubSystem>
				<snsCode>0</snsCode>
				<snsTitle>General</snsTitle>
				<snsSubSubSystem>
					<snsCode>0</snsCode>
					<snsTitle>General</snsTitle>
				</snsSubSubSystem>
			</snsSubSystem>
			<snsSubSystem>
				<snsCode>1</snsCode>
				<snsTitle>Investigation, Cleanup and Aerodynamic Smoothness</snsTitle>
				<snsSubSubSystem>
					<snsCode>0</snsCode>
					<snsTitle>Investigation, Cleanup and Aerodynamic Smoothness</snsTitle>
				</snsSubSubSystem>
			</snsSubSystem>
			<snsSubSystem>
				<snsCode>2</snsCode>
				<snsTitle>Processes</snsTitle>
				<snsSubSubSystem>
					<snsCode>0</snsCode>
					<snsTitle>Processes</snsTitle>
				</snsSubSubSystem>
			</snsSubSystem>
			<snsSubSystem>
				<snsCode>3</snsCode>
				<snsTitle>Materials</snsTitle>
				<snsSubSubSystem>
					<snsCode>0</snsCode>
					<snsTitle>Materials</snsTitle>
				</snsSubSubSystem>
			</snsSubSystem>
			<snsSubSystem>
				<snsCode>4</snsCode>
				<snsTitle>Fasteners</snsTitle>
				<snsSubSubSystem>
					<snsCode>0</snsCode>
					<snsTitle>Fasteners</snsTitle>
				</snsSubSubSystem>
			</snsSubSystem>
			<snsSubSystem>
				<snsCode>5</snsCode>
				<snsTitle>Support Of Airplane For Repair and Alignment Check Procedures</snsTitle>
				<snsSubSubSystem>
					<snsCode>0</snsCode>
					<snsTitle>Support Of Airplane For Repair and Alignment Check Procedures</snsTitle>
				</snsSubSubSystem>
			</snsSubSystem>
			<snsSubSystem>
				<snsCode>6</snsCode>
				<snsTitle>Control - Surface Balancing</snsTitle>
				<snsSubSubSystem>
					<snsCode>0</snsCode>
					<snsTitle>Control - Surface Balancing</snsTitle>
				</snsSubSubSystem>
			</snsSubSystem>
			<snsSubSystem>
				<snsCode>7</snsCode>
				<snsTitle>Repair</snsTitle>
				<snsSubSubSystem>
					<snsCode>0</snsCode>
					<snsTitle>Repair</snsTitle>
				</snsSubSubSystem>
			</snsSubSystem>
			<snsSubSystem>
				<snsCode>8</snsCode>
				<snsTitle>Electrical Bonding</snsTitle>
				<snsSubSubSystem>
					<snsCode>0</snsCode>
					<snsTitle>Electrical Bonding</snsTitle>
				</snsSubSubSystem>
			</snsSubSystem>
		</snsSystem>
		<snsSystem>
			<snsCode>52</snsCode>
			<snsTitle>52 Doors</snsTitle>
			<snsSubSystem>
				<snsCode>0</snsCode>
				<snsTitle>General</snsTitle>
				<snsSubSubSystem>
					<snsCode>0</snsCode>
					<snsTitle>General</snsTitle>
				</snsSubSubSystem>
			</snsSubSystem>
			<snsSubSystem>
				<snsCode>1</snsCode>
				<snsTitle>Passenger /Crew</snsTitle>
				<snsSubSubSystem>
					<snsCode>0</snsCode>
					<snsTitle>Passenger /Crew</snsTitle>
				</snsSubSubSystem>
			</snsSubSystem>
			<snsSubSystem>
				<snsCode>2</snsCode>
				<snsTitle>Emergency Exit</snsTitle>
				<snsSubSubSystem>
					<snsCode>0</snsCode>
					<snsTitle>Emergency Exit</snsTitle>
				</snsSubSubSystem>
			</snsSubSystem>
			<snsSubSystem>
				<snsCode>3</snsCode>
				<snsTitle>Cargo</snsTitle>
				<snsSubSubSystem>
					<snsCode>0</snsCode>
					<snsTitle>Cargo</snsTitle>
				</snsSubSubSystem>
			</snsSubSystem>
			<snsSubSystem>
				<snsCode>4</snsCode>
				<snsTitle>Service and Miscellaneous</snsTitle>
				<snsSubSubSystem>
					<snsCode>0</snsCode>
					<snsTitle>Service and Miscellaneous</snsTitle>
				</snsSubSubSystem>
			</snsSubSystem>
			<snsSubSystem>
				<snsCode>5</snsCode>
				<snsTitle>Fixed Interior</snsTitle>
				<snsSubSubSystem>
					<snsCode>0</snsCode>
					<snsTitle>Fixed Interior</snsTitle>
				</snsSubSubSystem>
			</snsSubSystem>
			<snsSubSystem>
				<snsCode>6</snsCode>
				<snsTitle>Entrance Stairs</snsTitle>
				<snsSubSubSystem>
					<snsCode>0</snsCode>
					<snsTitle>Entrance Stairs</snsTitle>
				</snsSubSubSystem>
			</snsSubSystem>
			<snsSubSystem>
				<snsCode>7</snsCode>
				<snsTitle>Door Warning</snsTitle>
				<snsSubSubSystem>
					<snsCode>0</snsCode>
					<snsTitle>Door Warning</snsTitle>
				</snsSubSubSystem>
			</snsSubSystem>
			<snsSubSystem>
				<snsCode>8</snsCode>
				<snsTitle>Landing Gear</snsTitle>
				<snsSubSubSystem>
					<snsCode>0</snsCode>
					<snsTitle>Landing Gear</snsTitle>
				</snsSubSubSystem>
			</snsSubSystem>
		</snsSystem>
		<snsSystem>
			<snsCode>53</snsCode>
			<snsTitle>53 Fuselage</snsTitle>
			<snsSubSystem>
				<snsCode>0</snsCode>
				<snsTitle>General</snsTitle>
				<snsSubSubSystem>
					<snsCode>0</snsCode>
					<snsTitle>General</snsTitle>
				</snsSubSubSystem>
			</snsSubSystem>
			<snsSubSystem>
				<snsCode>1</snsCode>
				<snsTitle>Fuselage Main, Structure</snsTitle>
				<snsSubSubSystem>
					<snsCode>0</snsCode>
					<snsTitle>Fuselage Main, Structure</snsTitle>
				</snsSubSubSystem>
			</snsSubSystem>
			<snsSubSystem>
				<snsCode>2</snsCode>
				<snsTitle>Fuselage Miscellaneous Structure</snsTitle>
				<snsSubSubSystem>
					<snsCode>0</snsCode>
					<snsTitle>Fuselage Miscellaneous Structure</snsTitle>
				</snsSubSubSystem>
			</snsSubSystem>
			<snsSubSystem>
				<snsCode>3</snsCode>
				<snsTitle>Fuselage Main, Plate/Skin</snsTitle>
				<snsSubSubSystem>
					<snsCode>0</snsCode>
					<snsTitle>Fuselage Main, Plate/Skin</snsTitle>
				</snsSubSubSystem>
			</snsSubSystem>
			<snsSubSystem>
				<snsCode>4</snsCode>
				<snsTitle>Fuselage Main, Attach Fittings</snsTitle>
				<snsSubSubSystem>
					<snsCode>0</snsCode>
					<snsTitle>Fuselage Main, Attach Fittings</snsTitle>
				</snsSubSubSystem>
			</snsSubSystem>
			<snsSubSystem>
				<snsCode>5</snsCode>
				<snsTitle>Aerodynamic Fairings</snsTitle>
				<snsSubSubSystem>
					<snsCode>0</snsCode>
					<snsTitle>Aerodynamic Fairings</snsTitle>
				</snsSubSubSystem>
			</snsSubSystem>
			<snsSubSystem>
				<snsCode>9</snsCode>
				<snsTitle>Fuselage Wiring</snsTitle>
				<snsSubSubSystem>
					<snsCode>0</snsCode>
					<snsTitle>Fuselage Wiring</snsTitle>
				</snsSubSubSystem>
			</snsSubSystem>
		</snsSystem>
		<snsSystem>
			<snsCode>55</snsCode>
			<snsTitle>55 Stabilisers</snsTitle>
			<snsSubSystem>
				<snsCode>0</snsCode>
				<snsTitle>General</snsTitle>
				<snsSubSubSystem>
					<snsCode>0</snsCode>
					<snsTitle>General</snsTitle>
				</snsSubSubSystem>
			</snsSubSystem>
			<snsSubSystem>
				<snsCode>1</snsCode>
				<snsTitle>Canard</snsTitle>
				<snsSubSubSystem>
					<snsCode>0</snsCode>
					<snsTitle>Canard</snsTitle>
				</snsSubSubSystem>
			</snsSubSystem>
		</snsSystem>
		<snsSystem>
			<snsCode>56</snsCode>
			<snsTitle>56 Windows and Canopies</snsTitle>
			<snsSubSystem>
				<snsCode>0</snsCode>
				<snsTitle>General</snsTitle>
				<snsSubSubSystem>
					<snsCode>0</snsCode>
					<snsTitle>General</snsTitle>
				</snsSubSubSystem>
			</snsSubSystem>
			<snsSubSystem>
				<snsCode>1</snsCode>
				<snsTitle>Flight Compartment</snsTitle>
				<snsSubSubSystem>
					<snsCode>0</snsCode>
					<snsTitle>Flight Compartment</snsTitle>
				</snsSubSubSystem>
			</snsSubSystem>
			<snsSubSystem>
				<snsCode>2</snsCode>
				<snsTitle>Fuselage Compartment</snsTitle>
				<snsSubSubSystem>
					<snsCode>0</snsCode>
					<snsTitle>Fuselage Compartment</snsTitle>
				</snsSubSubSystem>
			</snsSubSystem>
			<snsSubSystem>
				<snsCode>3</snsCode>
				<snsTitle>Door</snsTitle>
				<snsSubSubSystem>
					<snsCode>0</snsCode>
					<snsTitle>Door</snsTitle>
				</snsSubSubSystem>
			</snsSubSystem>
			<snsSubSystem>
				<snsCode>4</snsCode>
				<snsTitle>Inspection and Observation</snsTitle>
				<snsSubSubSystem>
					<snsCode>0</snsCode>
					<snsTitle>Inspection and Observation</snsTitle>
				</snsSubSubSystem>
			</snsSubSystem>
		</snsSystem>
		<snsSystem>
			<snsCode>57</snsCode>
			<snsTitle>57 Wings</snsTitle>
			<snsSubSystem>
				<snsCode>0</snsCode>
				<snsTitle>General</snsTitle>
				<snsSubSubSystem>
					<snsCode>0</snsCode>
					<snsTitle>General</snsTitle>
				</snsSubSubSystem>
			</snsSubSystem>
			<snsSubSystem>
				<snsCode>1</snsCode>
				<snsTitle>Wing, Main Frame Structure</snsTitle>
				<snsSubSubSystem>
					<snsCode>0</snsCode>
					<snsTitle>Wing, Main Frame Structure</snsTitle>
				</snsSubSubSystem>
			</snsSubSystem>
			<snsSubSystem>
				<snsCode>2</snsCode>
				<snsTitle>Wing Miscellaneous Structure</snsTitle>
				<snsSubSubSystem>
					<snsCode>0</snsCode>
					<snsTitle>Wing Miscellaneous Structure</snsTitle>
				</snsSubSubSystem>
			</snsSubSystem>
			<snsSubSystem>
				<snsCode>3</snsCode>
				<snsTitle>Wing, Plates/Skins</snsTitle>
				<snsSubSubSystem>
					<snsCode>0</snsCode>
					<snsTitle>Wing, Plates/Skins</snsTitle>
				</snsSubSubSystem>
			</snsSubSystem>
			<snsSubSystem>
				<snsCode>4</snsCode>
				<snsTitle>Wing, Attach Fittings</snsTitle>
				<snsSubSubSystem>
					<snsCode>0</snsCode>
					<snsTitle>Wing, Attach Fittings</snsTitle>
				</snsSubSubSystem>
			</snsSubSystem>
			<snsSubSystem>
				<snsCode>5</snsCode>
				<snsTitle>Wing, Control Surfaces</snsTitle>
				<snsSubSubSystem>
					<snsCode>0</snsCode>
					<snsTitle>Wing, Control Surfaces</snsTitle>
				</snsSubSubSystem>
			</snsSubSystem>
			<snsSubSystem>
				<snsCode>9</snsCode>
				<snsTitle>Wing System Wiring</snsTitle>
				<snsSubSubSystem>
					<snsCode>0</snsCode>
					<snsTitle>Wing System Wiring</snsTitle>
				</snsSubSubSystem>
			</snsSubSystem>
		</snsSystem>
		<snsSystem>
			<snsCode>67</snsCode>
			<snsTitle>67 Rotors Flight Control</snsTitle>
			<snsSubSystem>
				<snsCode>0</snsCode>
				<snsTitle>Tilt Rotor Flight Control</snsTitle>
				<snsSubSubSystem>
					<snsCode>1</snsCode>
					<snsTitle>Tilt Rotor Flight Control</snsTitle>
				</snsSubSubSystem>
			</snsSubSystem>
		</snsSystem>
		<snsSystem>
			<snsCode>70</snsCode>
			<snsTitle>70 Standard Practices, Engine</snsTitle>
			<snsSubSystem>
				<snsCode>0</snsCode>
				<snsTitle>General</snsTitle>
				<snsSubSubSystem>
					<snsCode>0</snsCode>
					<snsTitle>General</snsTitle>
				</snsSubSubSystem>
			</snsSubSystem>
			<snsSubSystem>
				<snsCode>1</snsCode>
				<snsTitle>Marking and Masking</snsTitle>
				<snsSubSubSystem>
					<snsCode>0</snsCode>
					<snsTitle>Marking and Masking</snsTitle>
				</snsSubSubSystem>
			</snsSubSystem>
			<snsSubSystem>
				<snsCode>2</snsCode>
				<snsTitle>Cleaning and Coating Removal</snsTitle>
				<snsSubSubSystem>
					<snsCode>0</snsCode>
					<snsTitle>Cleaning and Coating Removal</snsTitle>
				</snsSubSubSystem>
			</snsSubSystem>
			<snsSubSystem>
				<snsCode>3</snsCode>
				<snsTitle>Inspection</snsTitle>
				<snsSubSubSystem>
					<snsCode>0</snsCode>
					<snsTitle>Inspection</snsTitle>
				</snsSubSubSystem>
			</snsSubSystem>
			<snsSubSystem>
				<snsCode>4</snsCode>
				<snsTitle>Repair Principles</snsTitle>
				<snsSubSubSystem>
					<snsCode>0</snsCode>
					<snsTitle>Repair Principles</snsTitle>
				</snsSubSubSystem>
			</snsSubSystem>
			<snsSubSystem>
				<snsCode>5</snsCode>
				<snsTitle>Surface Preparation</snsTitle>
				<snsSubSubSystem>
					<snsCode>0</snsCode>
					<snsTitle>Surface Preparation</snsTitle>
				</snsSubSubSystem>
			</snsSubSystem>
			<snsSubSystem>
				<snsCode>6</snsCode>
				<snsTitle>Coating Application</snsTitle>
				<snsSubSubSystem>
					<snsCode>0</snsCode>
					<snsTitle>Coating Application</snsTitle>
				</snsSubSubSystem>
			</snsSubSystem>
			<snsSubSystem>
				<snsCode>7</snsCode>
				<snsTitle>Assembly</snsTitle>
				<snsSubSubSystem>
					<snsCode>0</snsCode>
					<snsTitle>Assembly</snsTitle>
				</snsSubSubSystem>
			</snsSubSystem>
			<snsSubSystem>
				<snsCode>8</snsCode>
				<snsTitle>Disassembly</snsTitle>
				<snsSubSubSystem>
					<snsCode>0</snsCode>
					<snsTitle>Disassembly</snsTitle>
				</snsSubSubSystem>
			</snsSubSystem>
		</snsSystem>
		<snsSystem>
			<snsCode>71</snsCode>
			<snsTitle>71 Power Plant</snsTitle>
			<snsSubSystem>
				<snsCode>0</snsCode>
				<snsTitle>General</snsTitle>
				<snsSubSubSystem>
					<snsCode>0</snsCode>
					<snsTitle>General</snsTitle>
				</snsSubSubSystem>
			</snsSubSystem>
			<snsSubSystem>
				<snsCode>1</snsCode>
				<snsTitle>Cowling-Flap Structure Sys</snsTitle>
				<snsSubSubSystem>
					<snsCode>0</snsCode>
					<snsTitle>Cowling-Flap Structure Sys</snsTitle>
				</snsSubSubSystem>
			</snsSubSystem>
			<snsSubSystem>
				<snsCode>2</snsCode>
				<snsTitle>Mounts</snsTitle>
				<snsSubSubSystem>
					<snsCode>0</snsCode>
					<snsTitle>Mounts</snsTitle>
				</snsSubSubSystem>
			</snsSubSystem>
			<snsSubSystem>
				<snsCode>3</snsCode>
				<snsTitle>Fire Seals</snsTitle>
				<snsSubSubSystem>
					<snsCode>0</snsCode>
					<snsTitle>Fire Seals</snsTitle>
				</snsSubSubSystem>
			</snsSubSystem>
			<snsSubSystem>
				<snsCode>4</snsCode>
				<snsTitle>Attach. Fittings</snsTitle>
				<snsSubSubSystem>
					<snsCode>0</snsCode>
					<snsTitle>Attach. Fittings</snsTitle>
				</snsSubSubSystem>
			</snsSubSystem>
			<snsSubSystem>
				<snsCode>5</snsCode>
				<snsTitle>Electrical Harness</snsTitle>
				<snsSubSubSystem>
					<snsCode>0</snsCode>
					<snsTitle>Electrical Harness</snsTitle>
				</snsSubSubSystem>
			</snsSubSystem>
			<snsSubSystem>
				<snsCode>6</snsCode>
				<snsTitle>Air Intakes</snsTitle>
				<snsSubSubSystem>
					<snsCode>0</snsCode>
					<snsTitle>Air Intakes</snsTitle>
				</snsSubSubSystem>
			</snsSubSystem>
			<snsSubSystem>
				<snsCode>7</snsCode>
				<snsTitle>Engine Drains</snsTitle>
				<snsSubSubSystem>
					<snsCode>0</snsCode>
					<snsTitle>Engine Drains</snsTitle>
				</snsSubSubSystem>
			</snsSubSystem>
			<snsSubSystem>
				<snsCode>8</snsCode>
				<snsTitle>Engine Ancillary Systems</snsTitle>
				<snsSubSubSystem>
					<snsCode>0</snsCode>
					<snsTitle>Engine Ancillary Systems</snsTitle>
				</snsSubSubSystem>
			</snsSubSystem>
		</snsSystem>
		<snsSystem>
			<snsCode>72</snsCode>
			<snsTitle>72 E-Engine</snsTitle>
			<snsSubSystem>
				<snsCode>0</snsCode>
				<snsTitle>General</snsTitle>
				<snsSubSubSystem>
					<snsCode>0</snsCode>
					<snsTitle>General</snsTitle>
				</snsSubSubSystem>
			</snsSubSystem>
			<snsSubSystem>
				<snsCode>1</snsCode>
				<snsTitle>Motor</snsTitle>
				<snsSubSubSystem>
					<snsCode>0</snsCode>
					<snsTitle>Motor</snsTitle>
				</snsSubSubSystem>
			</snsSubSystem>
			<snsSubSystem>
				<snsCode>2</snsCode>
				<snsTitle>Engine Fan, Spinner, Containment Ring</snsTitle>
				<snsSubSubSystem>
					<snsCode>0</snsCode>
					<snsTitle>Engine Fan, Spinner, Containment Ring</snsTitle>
				</snsSubSubSystem>
			</snsSubSystem>
			<snsSubSystem>
				<snsCode>3</snsCode>
				<snsTitle>Engine Stator Vanes</snsTitle>
				<snsSubSubSystem>
					<snsCode>0</snsCode>
					<snsTitle>Engine Stator Vanes</snsTitle>
				</snsSubSubSystem>
			</snsSubSystem>
		</snsSystem>
		<snsSystem>
			<snsCode>76</snsCode>
			<snsTitle>76 Engine Controls</snsTitle>
			<snsSubSystem>
				<snsCode>0</snsCode>
				<snsTitle>General</snsTitle>
				<snsSubSubSystem>
					<snsCode>0</snsCode>
					<snsTitle>General</snsTitle>
				</snsSubSubSystem>
			</snsSubSystem>
			<snsSubSystem>
				<snsCode>0</snsCode>
				<snsTitle>Power Control</snsTitle>
				<snsSubSubSystem>
					<snsCode>0</snsCode>
					<snsTitle>Power Control</snsTitle>
				</snsSubSubSystem>
			</snsSubSystem>
			<snsSubSystem>
				<snsCode>0</snsCode>
				<snsTitle>Emergency Shutdown</snsTitle>
				<snsSubSubSystem>
					<snsCode>0</snsCode>
					<snsTitle>Emergency Shutdown</snsTitle>
				</snsSubSubSystem>
			</snsSubSystem>
		</snsSystem>
		<snsSystem>
			<snsCode>77</snsCode>
			<snsTitle>77 Engine Indicating</snsTitle>
			<snsSubSystem>
				<snsCode>0</snsCode>
				<snsTitle>General</snsTitle>
				<snsSubSubSystem>
					<snsCode>0</snsCode>
					<snsTitle>General</snsTitle>
				</snsSubSubSystem>
			</snsSubSystem>
			<snsSubSystem>
				<snsCode>1</snsCode>
				<snsTitle>Power</snsTitle>
				<snsSubSubSystem>
					<snsCode>0</snsCode>
					<snsTitle>Power</snsTitle>
				</snsSubSubSystem>
			</snsSubSystem>
			<snsSubSystem>
				<snsCode>2</snsCode>
				<snsTitle>Temperature</snsTitle>
				<snsSubSubSystem>
					<snsCode>0</snsCode>
					<snsTitle>Temperature</snsTitle>
				</snsSubSubSystem>
			</snsSubSystem>
			<snsSubSystem>
				<snsCode>3</snsCode>
				<snsTitle>Analyzers</snsTitle>
				<snsSubSubSystem>
					<snsCode>0</snsCode>
					<snsTitle>Analyzers</snsTitle>
				</snsSubSubSystem>
			</snsSubSystem>
			<snsSubSystem>
				<snsCode>4</snsCode>
				<snsTitle>Integrated Engine Instruments</snsTitle>
				<snsSubSubSystem>
					<snsCode>0</snsCode>
					<snsTitle>Integrated Engine Instruments</snsTitle>
				</snsSubSubSystem>
			</snsSubSystem>
		</snsSystem>
		<snsSystem>
			<snsCode>78</snsCode>
			<snsTitle>78 Exhaust</snsTitle>
			<snsSubSystem>
				<snsCode>0</snsCode>
				<snsTitle>General</snsTitle>
				<snsSubSubSystem>
					<snsCode>0</snsCode>
					<snsTitle>General</snsTitle>
				</snsSubSubSystem>
			</snsSubSystem>
			<snsSubSystem>
				<snsCode>1</snsCode>
				<snsTitle>Van and Mechanism, Engine Back Cone</snsTitle>
				<snsSubSubSystem>
					<snsCode>0</snsCode>
					<snsTitle>Van and Mechanism, Engine Back Cone</snsTitle>
				</snsSubSubSystem>
			</snsSubSystem>
		</snsSystem>
		<snsSystem>
			<snsCode>85</snsCode>
			<snsTitle>85 Fuel Cell System</snsTitle>
			<snsSubSystem>
				<snsCode>0</snsCode>
				<snsTitle>General</snsTitle>
				<snsSubSubSystem>
					<snsCode>0</snsCode>
					<snsTitle>General</snsTitle>
				</snsSubSubSystem>
			</snsSubSystem>
			<snsSubSystem>
				<snsCode>1</snsCode>
				<snsTitle>Fuel Cell Stack</snsTitle>
				<snsSubSubSystem>
					<snsCode>0</snsCode>
					<snsTitle>Fuel Cell Stack</snsTitle>
				</snsSubSubSystem>
			</snsSubSystem>
			<snsSubSystem>
				<snsCode>2</snsCode>
				<snsTitle>Fuel Strorage and Supply</snsTitle>
				<snsSubSubSystem>
					<snsCode>0</snsCode>
					<snsTitle>Fuel Strorage and Supply</snsTitle>
				</snsSubSubSystem>
			</snsSubSystem>
			<snsSubSystem>
				<snsCode>3</snsCode>
				<snsTitle>Oxidant Storage and Supply</snsTitle>
				<snsSubSubSystem>
					<snsCode>0</snsCode>
					<snsTitle>Oxidant Storage and Supply</snsTitle>
				</snsSubSubSystem>
			</snsSubSystem>
			<snsSubSystem>
				<snsCode>4</snsCode>
				<snsTitle>Thermal Management</snsTitle>
				<snsSubSubSystem>
					<snsCode>0</snsCode>
					<snsTitle>Thermal Management</snsTitle>
				</snsSubSubSystem>
			</snsSubSystem>
			<snsSubSystem>
				<snsCode>5</snsCode>
				<snsTitle>Power Conditioning</snsTitle>
				<snsSubSubSystem>
					<snsCode>0</snsCode>
					<snsTitle>Power Conditioning</snsTitle>
				</snsSubSubSystem>
			</snsSubSystem>
			<snsSubSystem>
				<snsCode>6</snsCode>
				<snsTitle>Exhaust Conditioning</snsTitle>
				<snsSubSubSystem>
					<snsCode>0</snsCode>
					<snsTitle>Exhaust Conditioning</snsTitle>
				</snsSubSubSystem>
			</snsSubSystem>
			<snsSubSystem>
				<snsCode>7</snsCode>
				<snsTitle>Interface</snsTitle>
				<snsSubSubSystem>
					<snsCode>0</snsCode>
					<snsTitle>Interface</snsTitle>
				</snsSubSubSystem>
			</snsSubSystem>
		</snsSystem>
		<snsSystem>
			<snsCode>86</snsCode>
			<snsTitle>86 Lift System</snsTitle>
			<snsSubSystem>
				<snsCode>0</snsCode>
				<snsTitle>General</snsTitle>
				<snsSubSubSystem>
					<snsCode>0</snsCode>
					<snsTitle>General</snsTitle>
				</snsSubSubSystem>
			</snsSubSystem>
			<snsSubSystem>
				<snsCode>1</snsCode>
				<snsTitle>Fan</snsTitle>
				<snsSubSubSystem>
					<snsCode>0</snsCode>
					<snsTitle>Fan</snsTitle>
				</snsSubSubSystem>
			</snsSubSystem>
			<snsSubSystem>
				<snsCode>2</snsCode>
				<snsTitle>Drive Shaft</snsTitle>
				<snsSubSubSystem>
					<snsCode>0</snsCode>
					<snsTitle>Drive Shaft</snsTitle>
				</snsSubSubSystem>
			</snsSubSystem>
			<snsSubSystem>
				<snsCode>3</snsCode>
				<snsTitle>Variable Area Nozzle</snsTitle>
				<snsSubSubSystem>
					<snsCode>0</snsCode>
					<snsTitle>Variable Area Nozzle</snsTitle>
				</snsSubSubSystem>
			</snsSubSystem>
			<snsSubSystem>
				<snsCode>4</snsCode>
				<snsTitle>Roll Control</snsTitle>
				<snsSubSubSystem>
					<snsCode>0</snsCode>
					<snsTitle>Roll Control</snsTitle>
				</snsSubSubSystem>
			</snsSubSystem>
			<snsSubSystem>
				<snsCode>7</snsCode>
				<snsTitle>Flap Structure</snsTitle>
				<snsSubSubSystem>
					<snsCode>0</snsCode>
					<snsTitle>Flap Structure</snsTitle>
				</snsSubSubSystem>
			</snsSubSystem>
		</snsSystem>
		<snsSystem>
			<snsCode>90</snsCode>
			<snsTitle>90 Recovery</snsTitle>
			<snsSubSystem>
				<snsCode>0</snsCode>
				<snsTitle>General</snsTitle>
				<snsSubSubSystem>
					<snsCode>0</snsCode>
					<snsTitle>General</snsTitle>
				</snsSubSubSystem>
			</snsSubSystem>
			<snsSubSystem>
				<snsCode>1</snsCode>
				<snsTitle>Parachute Recovery System</snsTitle>
				<snsSubSubSystem>
					<snsCode>0</snsCode>
					<snsTitle>Parachute Recovery System</snsTitle>
				</snsSubSubSystem>
			</snsSubSystem>
			<snsSubSystem>
				<snsCode>2</snsCode>
				<snsTitle>Impact Attenuation System</snsTitle>
				<snsSubSubSystem>
					<snsCode>0</snsCode>
					<snsTitle>Impact Attenuation System</snsTitle>
				</snsSubSubSystem>
			</snsSubSystem>
			<snsSubSystem>
				<snsCode>3</snsCode>
				<snsTitle>Sequencing System</snsTitle>
				<snsSubSubSystem>
					<snsCode>0</snsCode>
					<snsTitle>Sequencing System</snsTitle>
				</snsSubSubSystem>
			</snsSubSystem>
			<snsSubSystem>
				<snsCode>4</snsCode>
				<snsTitle>Location System</snsTitle>
				<snsSubSubSystem>
					<snsCode>0</snsCode>
					<snsTitle>Location System</snsTitle>
				</snsSubSubSystem>
			</snsSubSystem>
		</snsSystem>
		<snsSystem>
			<snsCode>91</snsCode>
			<snsTitle>91 Air Vehicle Wiring</snsTitle>
			<snsSubSystem>
				<snsCode>0</snsCode>
				<snsTitle>General</snsTitle>
				<snsSubSubSystem>
					<snsCode>0</snsCode>
					<snsTitle>General</snsTitle>
				</snsSubSubSystem>
			</snsSubSystem>
			<snsSubSystem>
				<snsCode>1</snsCode>
				<snsTitle>Connectors</snsTitle>
				<snsSubSubSystem>
					<snsCode>0</snsCode>
					<snsTitle>Connectors</snsTitle>
				</snsSubSubSystem>
			</snsSubSystem>
			<snsSubSystem>
				<snsCode>2</snsCode>
				<snsTitle>Wiring/Cable</snsTitle>
				<snsSubSubSystem>
					<snsCode>0</snsCode>
					<snsTitle>Wiring/ Cable</snsTitle>
				</snsSubSubSystem>
			</snsSubSystem>
			<snsSubSystem>
				<snsCode>3</snsCode>
				<snsTitle>Harness</snsTitle>
				<snsSubSubSystem>
					<snsCode>0</snsCode>
					<snsTitle>Harness</snsTitle>
				</snsSubSubSystem>
			</snsSubSystem>
			<snsSubSystem>
				<snsCode>7</snsCode>
				<snsTitle>Installation</snsTitle>
				<snsSubSubSystem>
					<snsCode>0</snsCode>
					<snsTitle>Installation</snsTitle>
				</snsSubSubSystem>
			</snsSubSystem>
			<snsSubSystem>
				<snsCode>9</snsCode>
				<snsTitle>Grounding Network</snsTitle>
				<snsSubSubSystem>
					<snsCode>0</snsCode>
					<snsTitle>Grounding Network</snsTitle>
				</snsSubSubSystem>
			</snsSubSystem>
		</snsSystem>
	</snsDescr>
</snsRules>